Job Title,Average Salary,Headquarters,Size,Type of ownership,Industry
Senior Data Scientist,154,"New York, NY",1001 to 5000 employees,Nonprofit Organization,Insurance Carriers
Data Scientist,154,"Herndon, VA",5001 to 10000 employees,Public,Research & Development
Data Scientist,154,"Boston, MA",1001 to 5000 employees,Private Firm,Consulting
Data Scientist,154,"Bad Ragaz, Switzerland",501 to 1000 employees,Public,Electrical & Electronic Manufacturing
Data Scientist,154,"New York, NY",51 to 200 employees,Private,Advertising & Marketing
Data Scientist,154,"Santa Barbara, CA",51 to 200 employees,Private,Computer Hardware & Software
Data Scientist  Machine,154,"Basel, Switzerland",10000+ employees,Public,Biotech & Pharmaceuticals
Data Scientist,154,"Bedford, MA",1001 to 5000 employees,Public,Consumer Electronics & Appliances Stores
Data Scientist ,154,"Mountain View, CA",5001 to 10000 employees,Public,Computer Hardware & Software
Data Scientist,154,"Chicago, IL",51 to 200 employees,Private,Enterprise Software & Network Solutions
Data Scientist,154,"Mc Lean, VA",501 to 1000 employees,Private,Enterprise Software & Network Solutions
Data Scientist,154,"Saint Louis, MO",51 to 200 employees,Private,IT Services
Data Scientist ,154,"Richland, WA",1001 to 5000 employees,Government,Energy
Data Modeler,154,"Northbrook, IL",201 to 500 employees,Private,Chemical Manufacturing
Data Scientist,154,"Princeton, NJ",1001 to 5000 employees,Private,Consulting
Experienced Data Scientist,154,"Mays Landing, NJ",1 to 50 employees,Private,Federal Agencies
Data Scientist ,154,"Washington, DC",51 to 200 employees,Private,Internet
Data Scientist,154,"Memphis, TN",1001 to 5000 employees,Private,Chemical Manufacturing
Data Analyst II,154,"Tempe, AZ",5001 to 10000 employees,Public,Enterprise Software & Network Solutions
Medical Lab Scientist,154,"Reading, PA",5001 to 10000 employees,Nonprofit Organization,Health Care Services & Hospitals
Data Scientist,154,"San Francisco, CA",51 to 200 employees,Private,Computer Hardware & Software
Data Scientist Machine Learning,154,"New York, NY",51 to 200 employees,Private,Internet
Human Factors Scientist,154,"Menlo Park, CA",1001 to 5000 employees,Public,Consulting
Business Intelligence Analyst,154,"New York, NY",5001 to 10000 employees,Private,Insurance Carriers
Data Scientist,154,"Chicago, IL",51 to 200 employees,Private,Advertising & Marketing
Data Scientist,154,"Atlanta, GA",51 to 200 employees,Private,Computer Hardware & Software
Data Scientist ,154,"Orlando, FL",51 to 200 employees,Private,Investment Banking & Asset Management
Data Scientist,154,"Lexington, MA",1001 to 5000 employees,Nonprofit Organization,Aerospace & Defense
Data Scientist,154,"Falls Church, VA",51 to 200 employees,Private,Federal Agencies
Data Scientist,154,"San Francisco, CA",51 to 200 employees,Private,Enterprise Software & Network Solutions
Data Scientist,103,"Boston, MA",1001 to 5000 employees,Private Firm,Consulting
Data Scientist  Machine,103,"Basel, Switzerland",10000+ employees,Public,Biotech & Pharmaceuticals
Data Scientist,103,"Boston, MA",1 to 50 employees,Private,IT Services
Senior Research Statistician,103,"Sheboygan, WI",1001 to 5000 employees,Private,Insurance Carriers
Data Engineer,103,"Seattle, WA",201 to 500 employees,Private,Enterprise Software & Network Solutions
Associate Data Scientist,103,"Bellevue, WA",1001 to 5000 employees,Private,Utilities
Business Intelligence Analyst,103,"Lincoln, NE",1001 to 5000 employees,Private,Enterprise Software & Network Solutions
Data Scientist,103,"New York, NY",501 to 1000 employees,Private,Health Care Services & Hospitals
Data Scientist,103,"Chantilly, VA",1 to 50 employees,Private,Enterprise Software & Network Solutions
Data Scientist,103,"Santa Monica, CA",501 to 1000 employees,Private,Internet
Data Analyst,103,"Boston, MA",501 to 1000 employees,Private,Investment Banking & Asset Management
Machine Learning Engineer,103,"Boston, MA",10000+ employees,Private,Insurance Carriers
Data Analyst I,103,"Ewing, NJ",1001 to 5000 employees,Private,N/A
Scientist ,103,"South San Francisco, CA",51 to 200 employees,Private,Biotech & Pharmaceuticals
Data Scientist,103,"Palo Alto, CA",51 to 200 employees,Private,Enterprise Software & Network Solutions
Computational Machine Learning,103,"New York, NY",10000+ employees,Public,Biotech & Pharmaceuticals
Senior Data Scientist,103,"Boston, MA",201 to 500 employees,Private,Computer Hardware & Software
Data Scientist,103,"Bellevue, WA",501 to 1000 employees,Private,Investment Banking & Asset Management
Data Scientist,103,"Singapore, Singapore",1001 to 5000 employees,Government,Federal Agencies
Data Scientist,103,"Cambridge, MA",201 to 500 employees,Private,Enterprise Software & Network Solutions
Data Analyst,103,"San Francisco, CA",1 to 50 employees,Private,Advertising & Marketing
Data Scientist,103,"OSAKA, Japan",10000+ employees,Public,Biotech & Pharmaceuticals
Data Scientist,103,"Santa Clara, CA",501 to 1000 employees,Private,Enterprise Software & Network Solutions
Junior Data Engineer,103,"Vienna, VA",51 to 200 employees,Private,IT Services
Data Analyst,103,"New Orleans, LA",51 to 200 employees,Private,Enterprise Software & Network Solutions
Data Analytics Engineer,103,"Akron, OH",5001 to 10000 employees,Nonprofit Organization,Health Care Services & Hospitals
Senior Data Scientist,103,"Saint Louis, MO",201 to 500 employees,Private,Biotech & Pharmaceuticals
Product Data Scientist ,103,"San Francisco, CA",1001 to 5000 employees,Public,Internet
Data Scientist,103,"San Francisco, CA",1001 to 5000 employees,Private,Express Delivery Services
Data Scientist ,103,"Saint Louis, MO",201 to 500 employees,Private,Staffing & Outsourcing
Data Analyst,103,"Zurich, Switzerland",10000+ employees,Public,Insurance Agencies & Brokerages
Machine Learning Engineer,103,"Woburn, MA",201 to 500 employees,Private,Aerospace & Defense
Data Scientist,105,"Bedford, MA",1001 to 5000 employees,Public,Consumer Electronics & Appliances Stores
Data Scientist,105,"Santa Barbara, CA",51 to 200 employees,Private,Computer Hardware & Software
Global Data Analyst,105,"Carson, CA",201 to 500 employees,Subsidiary or Business Segment,Consumer Products Manufacturing
Data Engineer,105,"Coral Gables, FL",1001 to 5000 employees,Private,Investment Banking & Asset Management
Data Scientist,105,"New York, NY",501 to 1000 employees,Private,Internet
Data Scientist,105,"San Ramon, CA",1001 to 5000 employees,Private,Enterprise Software & Network Solutions
Machine Learning Scientist,105,"Chicago, IL",501 to 1000 employees,Private,Biotech & Pharmaceuticals
Data Scientist ,105,"Brisbane, CA",1 to 50 employees,Private,Biotech & Pharmaceuticals
Data Engineer Remote,105,"Winter Park, FL",51 to 200 employees,Public,Advertising & Marketing
Data Scientist,105,"Chicago, IL",501 to 1000 employees,Private,Biotech & Pharmaceuticals
Principal Data Scientist,105,"San Rafael, CA",5001 to 10000 employees,Public,Computer Hardware & Software
Business Data Analyst,105,"Deerfield, IL",10000+ employees,Public,Industrial Manufacturing
Purification Scientist,105,"Ipswich, MA",201 to 500 employees,Private,Biotech & Pharmaceuticals
Data Analyst,105,"Carmel, IN",1001 to 5000 employees,Subsidiary or Business Segment,Insurance Agencies & Brokerages
Data Engineer,105,"New York, NY",1001 to 5000 employees,Nonprofit Organization,Insurance Carriers
Data Scientist,105,"Chevy Chase, MD",1001 to 5000 employees,Private,Internet
Data Scientist,105,"Hartford, CT",201 to 500 employees,Private,Insurance Carriers
Data Scientist ,105,"Emeryville, CA",201 to 500 employees,Public,Biotech & Pharmaceuticals
Real World Science,105,"Cambridge, United Kingdom",10000+ employees,Public,Biotech & Pharmaceuticals
Data Scientist,105,"Rockville, MD",51 to 200 employees,Private,IT Services
Data Engineer,105,"Minneapolis, MN",51 to 200 employees,Private,Consulting
Data Scientist ,105,"Chicago, IL",1 to 50 employees,Private,Staffing & Outsourcing
Data Scientist,105,"Austin, TX",51 to 200 employees,Private,Computer Hardware & Software
Data Science,105,"San Francisco, CA",1001 to 5000 employees,Private,Internet
Data Analyst,105,"Yakima, WA",501 to 1000 employees,Nonprofit Organization,Health Care Services & Hospitals
Data Scientist  Applied Mathematician,105,"Santa Cruz, CA",51 to 200 employees,Private,Computer Hardware & Software
Machine Learning Engineer,105,"Boston, MA",201 to 500 employees,Private,Computer Hardware & Software
Data Scientist,105,"Mc Lean, VA",10000+ employees,Private,Food & Beverage Manufacturing
Patient Safety,105,"Cambridge, United Kingdom",10000+ employees,Public,Biotech & Pharmaceuticals
Machine Learning Engineer,105,"Mc Lean, VA",51 to 200 employees,Private,IT Services
Senior Data Scientist,105,"Herndon, VA",5001 to 10000 employees,Public,Research & Development
Senior Data Scientist,105,"South Jordan, UT",201 to 500 employees,Private,Banks & Credit Unions
Data Scientist,115,"Princeton, NJ",1001 to 5000 employees,Private,Consulting
Data Scientist ,115,"Mountain View, CA",5001 to 10000 employees,Public,Computer Hardware & Software
Data Analytics Engineer,115,"Reston, VA",51 to 200 employees,Private,Enterprise Software & Network Solutions
Data Scientist,115,"Mc Lean, VA",10000+ employees,Private,Food & Beverage Manufacturing
Senior Data Scientist,115,"Denver, CO",51 to 200 employees,Private,Advertising & Marketing
Applied Technology Researcher,115,"Washington, DC",1001 to 5000 employees,Other Organization,Banks & Credit Unions
Data Scientist,115,"Holmdel, NJ",1 to 50 employees,Private,Enterprise Software & Network Solutions
Machine Learning Engineer,115,"Aurora, CO",1 to 50 employees,Private,Aerospace & Defense
Health Data Scientist ,115,"San Mateo, CA",51 to 200 employees,Private,Internet
Senior Data Scientist,115,"San Rafael, CA",5001 to 10000 employees,Public,Computer Hardware & Software
Data Scientist,115,"Mountain View, CA",5001 to 10000 employees,Public,Computer Hardware & Software
Data Scientist,115,"Goleta, CA",501 to 1000 employees,Private,Aerospace & Defense
Data Engineer,115,"Franklin, TN",501 to 1000 employees,Public,Health Care Services & Hospitals
Data Engineer,115,"Indianapolis, IN",51 to 200 employees,Private,Biotech & Pharmaceuticals
Lead Data Scientist,115,"Palo Alto, CA",10000+ employees,Public,Computer Hardware & Software
Data Scientist,115,"Reston, VA",10000+ employees,Public,Enterprise Software & Network Solutions
Data Analyst,115,"New York, NY",1001 to 5000 employees,Public,Investment Banking & Asset Management
Data Analyst,115,"Lutherville Timonium, MD",51 to 200 employees,Subsidiary or Business Segment,Video Games
Data Scientist ,115,"Westminster, CO",5001 to 10000 employees,Public,Aerospace & Defense
Data Engineer,115,"Burlingame, CA",1 to 50 employees,Private,Computer Hardware & Software
Data Scientist,115,"Reston, VA",1001 to 5000 employees,Nonprofit Organization,Consulting
Data Scientist,115,"New York, NY",1 to 50 employees,Private,Health Care Services & Hospitals
Software Engineer ,115,"Annapolis Junction, MD",51 to 200 employees,Private,Computer Hardware & Software
Data Analyst,115,"New York, NY",1001 to 5000 employees,Public,Investment Banking & Asset Management
Data Scientist,115,"South San Francisco, CA",51 to 200 employees,Private,Biotech & Pharmaceuticals
Data Engineer,115,"Bethesda, MD",201 to 500 employees,Private,Health Care Services & Hospitals
Data Scientist,115,"Beavercreek, OH",51 to 200 employees,Private,Consulting
Senior Data Engineer,115,"San Francisco, CA",51 to 200 employees,Private,Internet
Senior Data Scientist,115,"Mc Lean, VA",501 to 1000 employees,Private,Enterprise Software & Network Solutions
Data Engineer,115,"Winter Park, FL",51 to 200 employees,Public,Advertising & Marketing
Business Intelligence Analyst,115,"Schaumburg, IL",51 to 200 employees,Private,Shipping
Senior Data Scientist ,115,"Sunnyvale, CA",5001 to 10000 employees,Public,Telecommunications Services
Data Scientist,99,"Saint Louis, MO",51 to 200 employees,Private,IT Services
Data Scientist,99,"Chicago, IL",51 to 200 employees,Private,Enterprise Software & Network Solutions
Data Engineer,99,"Winter Park, FL",51 to 200 employees,Public,Advertising & Marketing
Senior Data Scientist ,99,"Sunnyvale, CA",5001 to 10000 employees,Public,Telecommunications Services
Data Scientist,99,"San Francisco, CA",1 to 50 employees,Private,Enterprise Software & Network Solutions
Senior Data Engineer,99,"Lehi, UT",201 to 500 employees,Private,Lending
Data Engineer,99,"New York, NY",51 to 200 employees,Private,Advertising & Marketing
Data Scientist,99,"Lake Oswego, OR",1001 to 5000 employees,Private,Computer Hardware & Software
Machine Learning Engineer,99,"San Francisco, CA",51 to 200 employees,Private,Computer Hardware & Software
Machine Learning Engineer,99,"San Francisco, CA",51 to 200 employees,Private,Computer Hardware & Software
Senior Data Engineer,99,"Lehi, UT",201 to 500 employees,Private,Lending
Data Scientist,99,"San Mateo, CA",201 to 500 employees,Private,Lending
Data Analyst,99,"Saint Louis, MO",201 to 500 employees,Private,Staffing & Outsourcing
Data Engineer,99,"Palo Alto, CA",201 to 500 employees,Private,Video Games
Data Integration and Modeling Engineer,99,"Holyoke, MA",501 to 1000 employees,Nonprofit Organization,Utilities
Data Engineer,99,"Chicago, IL",1001 to 5000 employees,Private,Enterprise Software & Network Solutions
Senior Data Scientist,99,"San Francisco, CA",51 to 200 employees,Private,Electrical & Electronic Manufacturing
AI Data Scientist,99,"Bedford, MA",5001 to 10000 employees,Nonprofit Organization,Federal Agencies
Machine Learning Engineer,99,"Dulles, VA",1 to 50 employees,Private,Aerospace & Defense
Research Scientist Patient,99,"Bethesda, MD",501 to 1000 employees,Subsidiary or Business Segment,Biotech & Pharmaceuticals
Data Scientist,99,"Boston, MA",1001 to 5000 employees,Private,Insurance Carriers
Scientist ,99,"San Diego, CA",501 to 1000 employees,Private,Biotech & Pharmaceuticals
Data Scientist,99,"Cambridge, MA",51 to 200 employees,Private,Biotech & Pharmaceuticals
Analytics Manager,99,"Detroit, MI",201 to 500 employees,Private,Advertising & Marketing
Data Scientist,99,"Stamford, CT",10000+ employees,Subsidiary or Business Segment,"Cable, Internet & Telephone Providers"
Staff Scientist,99,"Rockville, MD",201 to 500 employees,Private,Biotech & Pharmaceuticals
Data Engineer,99,"Carpinteria, CA",1001 to 5000 employees,Private,Computer Hardware & Software
Data Scientist ,99,"Columbia, SC",201 to 500 employees,Private,Biotech & Pharmaceuticals
Research Scientist,99,N/A,N/A,N/A,N/A
Senior Data Scientist,99,"Marcy-l'Etoile, France",10000+ employees,Private,Biotech & Pharmaceuticals
Data Scientist,133,"Mc Lean, VA",501 to 1000 employees,Private,Enterprise Software & Network Solutions
Experienced Data Scientist,133,"Mays Landing, NJ",1 to 50 employees,Private,Federal Agencies
Machine Learning Engineer,133,N/A,N/A,N/A,N/A
Data Scientist,133,"Reston, VA",10000+ employees,Public,Aerospace & Defense
Data Scientist,133,"San Francisco, CA",201 to 500 employees,Private,Computer Hardware & Software
Data Analyst,133,"Columbia, MO",1001 to 5000 employees,Private,Insurance Carriers
Geospatial Data Scientist,133,"Westminster, CO",5001 to 10000 employees,Public,Aerospace & Defense
Data Analyst,133,"Washington, DC",501 to 1000 employees,Nonprofit Organization,Telecommunications Services
Computational Scientist,133,"Fairfax, VA",10000+ employees,Subsidiary or Business Segment,IT Services
Data Scientist,133,"Chandler, AZ",201 to 500 employees,Private,Real Estate
Senior Data Analyst,133,"San Rafael, CA",5001 to 10000 employees,Public,Computer Hardware & Software
Senior Data Analyst,133,"Herndon, VA",5001 to 10000 employees,Public,Research & Development
Data Engineer,133,"Aurora, Canada",10000+ employees,Public,N/A
Senior Data Analyst,133,"Blue Bell, PA",1001 to 5000 employees,Other Organization,Biotech & Pharmaceuticals
Data Scientist,133,"Troy, MI",5001 to 10000 employees,Public,Staffing & Outsourcing
Machine Learning Scientist ,133,"Chicago, IL",501 to 1000 employees,Private,Biotech & Pharmaceuticals
Data Scientist,133,"Redwood City, CA",201 to 500 employees,Private,Enterprise Software & Network Solutions
Senior Data Scientist ,133,"New York, NY",201 to 500 employees,Private,Enterprise Software & Network Solutions
Data Analyst,133,"San Diego, CA",1001 to 5000 employees,Subsidiary or Business Segment,Banks & Credit Unions
Senior Data Machine Learning Scientist,133,"Chicago, IL",501 to 1000 employees,Private,Biotech & Pharmaceuticals
Data Engineer,133,"Greenville, SC",201 to 500 employees,Private,Venture Capital & Private Equity
Data Scientist ,76,"Richland, WA",1001 to 5000 employees,Government,Energy
Data Scientist,76,"Memphis, TN",1001 to 5000 employees,Private,Chemical Manufacturing
Machine Learning Engineer,76,"Arlington, VA",501 to 1000 employees,Nonprofit Organization,Federal Agencies
Research Scientist ,76,"Bethesda, MD",501 to 1000 employees,Subsidiary or Business Segment,Biotech & Pharmaceuticals
Data Analyst,76,"Harrisburg, PA",201 to 500 employees,Private,Advertising & Marketing
Senior Data Scientist II,76,"Hamilton, Bermuda",1001 to 5000 employees,Public,Insurance Carriers
Data Scientist,76,"Lynchburg, VA",5001 to 10000 employees,Public,Aerospace & Defense
Senior Data Analyst,76,"San Francisco, CA",51 to 200 employees,Public,Internet
Lead Data Scientist,76,"Springfield, MA",5001 to 10000 employees,Private,Insurance Carriers
Production Engineer ,76,"San Carlos, CA",501 to 1000 employees,Public,Biotech & Pharmaceuticals
Statistical Scientist,76,"South San Francisco, CA",10000+ employees,Subsidiary or Business Segment,Biotech & Pharmaceuticals
Computational Behavioral Scientist,76,"Herndon, VA",201 to 500 employees,Private,IT Services
Principal Data Scientist ,76,"Waltham, MA",N/A,Subsidiary or Business Segment,Advertising & Marketing
Principal Machine Learning Scientist,76,"San Jose, CA",501 to 1000 employees,Subsidiary or Business Segment,Computer Hardware & Software
Data Engineer,76,"Mountain View, CA",51 to 200 employees,Private,IT Services
Principal Data Scientist,76,"Cambridge, United Kingdom",10000+ employees,Public,Biotech & Pharmaceuticals
Data Scientist,76,"Jersey City, NJ",N/A,Public,N/A
Senior Data Scientist ,76,"Cambridge, United Kingdom",10000+ employees,Public,Biotech & Pharmaceuticals
Data Scientist,76,"Santa Cruz, CA",51 to 200 employees,Private,N/A
Health Plan Data Analyst,76,"Fort Worth, TX",5001 to 10000 employees,Nonprofit Organization,Health Care Services & Hospitals
Principal ScientistAssociate Director,76,"Cambridge, MA",201 to 500 employees,Public,Biotech & Pharmaceuticals
Analytics Manager,76,"Cedar Rapids, IA",501 to 1000 employees,Private,Lending
Data Scientist ,92,"Washington, DC",51 to 200 employees,Private,Internet
Data Scientist,92,"Chicago, IL",51 to 200 employees,Private,Advertising & Marketing
Data Scientist,92,"McLean, VA",51 to 200 employees,Private,Consulting
Machine Learning Engineer,92,"Lorton, VA",501 to 1000 employees,Public,Aerospace & Defense
Data Engineer,92,"San Francisco, CA",51 to 200 employees,Private,Computer Hardware & Software
Senior Data Scientist,92,"Basel, Switzerland",10000+ employees,Public,Biotech & Pharmaceuticals
Data Engineer,92,"Mc Lean, VA",1001 to 5000 employees,Private,Research & Development
Data Science Instructor,92,"Mc Lean, VA",501 to 1000 employees,Private,Enterprise Software & Network Solutions
Senior Business Intelligence Analyst,92,"Maple Plain, MN",1001 to 5000 employees,Public,Miscellaneous Manufacturing
Data Analyst,92,"Kent, WA",201 to 500 employees,Public,Oil & Gas Services
Data Scientist ,92,"Woodbine, MD",1 to 50 employees,Private,IT Services
Data Scientist,92,"Denver, CO",201 to 500 employees,Subsidiary or Business Segment,Staffing & Outsourcing
Senior Data Scientist,92,"Westminster, CO",5001 to 10000 employees,Public,Aerospace & Defense
Data Scientist ,92,"Woodbine, MD",1 to 50 employees,Private,IT Services
Data Science Software Engineer,92,"Boston, MA",201 to 500 employees,Private,Computer Hardware & Software
Data Engineer ,92,"San Antonio, TX",1001 to 5000 employees,Nonprofit Organization,Research & Development
AI Data Scientist,92,"Cambridge, United Kingdom",10000+ employees,Public,Biotech & Pharmaceuticals
Intelligence Data Analyst,92,"Reston, VA",501 to 1000 employees,Private,IT Services
Analytics Manager,92,"Scotts Valley, CA",501 to 1000 employees,Nonprofit Organization,Health Care Services & Hospitals
Data Modeler,92,"Springfield, MA",5001 to 10000 employees,Private,Insurance Carriers
Senior Machine Learning Scientist ,92,"Chicago, IL",501 to 1000 employees,Private,Biotech & Pharmaceuticals
Report Writer,92,"Spartanburg, SC",1001 to 5000 employees,Private,Lending
Data Scientist Machine Learning,97,"New York, NY",51 to 200 employees,Private,Internet
Data Scientist ,97,"Orlando, FL",51 to 200 employees,Private,Investment Banking & Asset Management
Data Engineer,97,"Greenville, SC",201 to 500 employees,Private,Venture Capital & Private Equity
Data Scientist ,97,"San Francisco, CA",501 to 1000 employees,Private,Real Estate
Data Scientist,97,"Woodbridge, NJ",51 to 200 employees,Private,IT Services
Data Scientist,97,"Chennai, India",1001 to 5000 employees,Private,IT Services
Data Scientist,97,"Tel Aviv-Yafo, ISeniorael",51 to 200 employees,Private,Transportation Equipment Manufacturing
Machine Learning Engineer,97,"Arlington, VA",501 to 1000 employees,Nonprofit Organization,Federal Agencies
Equity Data Insights Analyst ,97,"Baltimore, MD",5001 to 10000 employees,Public,Investment Banking & Asset Management
Data Scientist,97,"Manalapan, NJ",1 to 50 employees,Private,IT Services
Research Scientist ,97,"Bethesda, MD",501 to 1000 employees,Subsidiary or Business Segment,Biotech & Pharmaceuticals
Data Scientist,97,"Lynchburg, VA",5001 to 10000 employees,Public,Aerospace & Defense
Operations Data Analyst,97,"Charlotte, NC",1001 to 5000 employees,Public,Insurance Carriers
Senior Data Scientist II,97,"Hamilton, Bermuda",1001 to 5000 employees,Public,Insurance Carriers
Data Scientist,97,"Saxonburg, PA",10000+ employees,Public,Telecommunications Manufacturing
Data Scientist,97,"Bristol, PA",1 to 50 employees,Private,Computer Hardware & Software
Data Scientist,97,"San Jose, CA",10000+ employees,Public,Internet
Senior Data Analyst,97,"San Francisco, CA",51 to 200 employees,Public,Internet
Data Scientist,97,"Bangalore, India",1 to 50 employees,Private,Consulting
Data Scientist,107,"Atlanta, GA",51 to 200 employees,Private,Computer Hardware & Software
Senior Research Statistician,107,"Sheboygan, WI",1001 to 5000 employees,Private,Insurance Carriers
Software Data Engineer,107,"New York, NY",201 to 500 employees,Private,Computer Hardware & Software
Data Scientist,107,"Mountain View, CA",201 to 500 employees,Private,Enterprise Software & Network Solutions
Real World Evidence Scientist,107,"Hoboken, NJ",1 to 50 employees,Private,Biotech & Pharmaceuticals
Data Scientist,107,"Paris, France",10000+ employees,Public,Biotech & Pharmaceuticals
Data Scientist,107,"Greenwich, CT",10000+ employees,Public,Transportation Management
Data Scientist,107,"Santa Ana, CA",51 to 200 employees,Private,Insurance Carriers
Data Scientist,107,"Houston, TX",1 to 50 employees,Private,N/A
Computer Scientist,107,"Tucson, AZ",201 to 500 employees,Private,Aerospace & Defense
Lead Data Scientist,107,"Springfield, MA",5001 to 10000 employees,Private,Insurance Carriers
Data Scientist,107,"Birmingham, AL",1 to 50 employees,Private,N/A
Data Scientist,107,"Cleveland, OH",10000+ employees,Public,Industrial Manufacturing
Data Scientist,107,"Washington, DC",1001 to 5000 employees,Private,Consulting
Data Scientist,107,"New York, NY",201 to 500 employees,Private,News Outlet
Data Scientist,107,"Pleasanton, CA",201 to 500 employees,Private,IT Services
Environmental Data Science,107,"Columbus, OH",10000+ employees,Nonprofit Organization,Research & Development
Computational Behavioral Scientist,107,"Herndon, VA",201 to 500 employees,Private,IT Services
Data Scientist,107,N/A,N/A,N/A,N/A
Data Engineer,107,"New York, NY",51 to 200 employees,Private,Advertising & Marketing
Principal Machine Learning Scientist,107,"San Jose, CA",501 to 1000 employees,Subsidiary or Business Segment,Computer Hardware & Software
Principal Data Scientist ,107,"Waltham, MA",N/A,Subsidiary or Business Segment,Advertising & Marketing
Data Scientist,120,"Lexington, MA",1001 to 5000 employees,Nonprofit Organization,Aerospace & Defense
Associate Data Scientist,120,"Bellevue, WA",1001 to 5000 employees,Private,Utilities
Data Scientist ,120,"Richland, WA",1001 to 5000 employees,Government,Energy
Director of Data Science,120,"Boston, MA",1001 to 5000 employees,Private Firm,Consulting
Data Scientist,120,"Rockville, MD",1001 to 5000 employees,Nonprofit Organization,Biotech & Pharmaceuticals
Data Scientist,120,"Piscataway, NJ",201 to 500 employees,Private,IT Services
Data Scientist,120,"San Jose, CA",10000+ employees,Public,Internet
Data Engineer,120,"New York, NY",1 to 50 employees,Private,Enterprise Software & Network Solutions
Data Engineer,120,"Mountain View, CA",51 to 200 employees,Private,IT Services
Manager  Lead,120,"Danvers, MA",1001 to 5000 employees,Public,Biotech & Pharmaceuticals
Data Scientist,120,"Philadelphia, PA",10000+ employees,Public,N/A
Data Scientist,120,"Fairfax, VA",51 to 200 employees,Private,IT Services
Data Scientist,120,"Jersey City, NJ",N/A,Public,N/A
Data Scientist,120,"Livermore, CA",1001 to 5000 employees,Government,Federal Agencies
Data Analyst,120,"Pittsburgh, PA",201 to 500 employees,Private,Banks & Credit Unions
Data Scientist,120,"Dallas, TX",10000+ employees,Public,Architectural & Engineering Services
Data Scientist,120,"Boston, MA",201 to 500 employees,Private,Computer Hardware & Software
Data Scientist,120,"Northbrook, IL",10000+ employees,Private,Consulting
Data Scientist,120,"Toronto, Canada",1001 to 5000 employees,Public,Real Estate
Data Scientist,120,"Irvine, CA",51 to 200 employees,Private,Staffing & Outsourcing
Data Scientist,120,"Hillsborough, NJ",N/A,Private,N/A
Data Scientist,183,"Santa Monica, CA",501 to 1000 employees,Private,Internet
Data Scientist,183,"Boston, MA",1 to 50 employees,Private,IT Services
Data Scientist,183,"Hillsborough, NJ",N/A,Private,N/A
Senior Data Scientist ,183,"Cambridge, United Kingdom",10000+ employees,Public,Biotech & Pharmaceuticals
Data Scientist,183,"Oshkosh, WI",10000+ employees,Public,Transportation Equipment Manufacturing
Data Scientist,183,"Santa Cruz, CA",51 to 200 employees,Private,N/A
Data Scientist,183,"Pittsburgh, PA",51 to 200 employees,Private,Architectural & Engineering Services
Data Scientist,183,"Fremont, CA",51 to 200 employees,Private,N/A
Data Scientist,183,"Hillsborough, NJ",201 to 500 employees,Private,Staffing & Outsourcing
Data Scientist  Machine,183,"Reston, VA",10000+ employees,Public,Aerospace & Defense
Data Scientist,183,"New York, NY",1001 to 5000 employees,Public,Video Games
Data Scientist,183,"Monroe, WI",501 to 1000 employees,Private,Food & Beverage Stores
Data Scientist,183,"Goteborg, Sweden",10000+ employees,Hospital,Health Care Services & Hospitals
Data Scientist,183,"New York, NY",1 to 50 employees,Private,Other Retail Stores
Data Analyst,183,"Washington, DC",1 to 50 employees,Private,IT Services
Data Scientist,183,"Lake Buena Vista, FL",1001 to 5000 employees,Private,"Hotels, Motels, & Resorts"
Data Scientist,183,"Schaffhausen, Switzerland",10000+ employees,Public,Electrical & Electronic Manufacturing
Data Scientist,183,"Richmond, VA",10000+ employees,Government,State & Regional Agencies
Data Scientist,183,"Newark, CA",501 to 1000 employees,Private,Computer Hardware & Software
Data Scientist,183,"Greensboro, NC",501 to 1000 employees,Private,Other Retail Stores
Data Scientist,185,"San Francisco, CA",51 to 200 employees,Private,Computer Hardware & Software
Data Scientist,185,"Falls Church, VA",51 to 200 employees,Private,Federal Agencies
Chief Scientist,185,"San Francisco, CA",51 to 200 employees,Private,Enterprise Software & Network Solutions
Data Scientist,185,"Rockville, MD",201 to 500 employees,Private,IT Services
Data Scientist,185,"Scottsdale, AZ",1 to 50 employees,Private,IT Services
Data Scientist,185,"Irving, TX",N/A,Public,N/A
Data Scientist,185,"Beltsville, MD",5001 to 10000 employees,Private,Aerospace & Defense
Data Scientist,185,"Houston, TX",51 to 200 employees,Private,IT Services
Health Plan Data Analyst,185,"Fort Worth, TX",5001 to 10000 employees,Nonprofit Organization,Health Care Services & Hospitals
Principal ScientistAssociate Director,185,"Cambridge, MA",201 to 500 employees,Public,Biotech & Pharmaceuticals
Data Scientist,185,"Toronto, Canada",201 to 500 employees,Public,Financial Transaction Processing
Senior Data Scientist,185,"San Francisco, CA",201 to 500 employees,Private,Insurance Carriers
Data Scientist,185,"Paris, France",1001 to 5000 employees,Public,Internet
Data Scientist,185,"Pittsburgh, PA",51 to 200 employees,Private,N/A
Data Scientist,185,"Naperville, IL",51 to 200 employees,Private,Staffing & Outsourcing
Analytics Manager,185,"Cedar Rapids, IA",501 to 1000 employees,Private,Lending
Data Scientist,185,"Princeton, NJ",1 to 50 employees,Private,Consulting
Data Scientist,185,"Memphis, TN",51 to 200 employees,Private,Consulting
Development Scientist,185,"Brentford, United Kingdom",10000+ employees,Public,Biotech & Pharmaceuticals
Data Scientist,185,"Cincinnati, OH",1 to 50 employees,Private,N/A
Data Scientist,113,"Singapore, Singapore",1001 to 5000 employees,Government,Federal Agencies
Data Scientist,113,"Bellevue, WA",501 to 1000 employees,Private,Investment Banking & Asset Management
Data Engineer,113,"San Francisco, CA",51 to 200 employees,Private,Computer Hardware & Software
Data Scientist,113,"Somerset, NJ",1001 to 5000 employees,Private,IT Services
Data Scientist,113,"London, United Kingdom",201 to 500 employees,Private,Staffing & Outsourcing
Data Scientist,113,"Raleigh, NC",51 to 200 employees,Private,Computer Hardware & Software
Data Scientist,113,"Leesburg, VA",51 to 200 employees,Private,IT Services
Machine Learning Engineer,113,"Lorton, VA",501 to 1000 employees,Public,Aerospace & Defense
Principal Data  Analytics Platform Engineer,113,"Durham, NC",1001 to 5000 employees,Private,Insurance Carriers
Machine Learning EngineerScientist,113,"New York, NY",501 to 1000 employees,Private,Investment Banking & Asset Management
Data Scientist,113,"Annapolis Junction, MD",1 to 50 employees,Private,Computer Hardware & Software
Senior Data Scientist Image Analytics,113,"Basel, Switzerland",10000+ employees,Public,Biotech & Pharmaceuticals
Data Scientist,113,"Chicago, IL",501 to 1000 employees,Private,N/A
Data Scientist,113,"Kent, OH",10000+ employees,Self-Employed,Timber Operations
Data Scientist,113,"Chantilly, VA",501 to 1000 employees,Private,Aerospace & Defense
Data Scientist,113,"Westlake Village, CA",1 to 50 employees,Private,N/A
Machine Learning Engineer,113,"Pittsburgh, PA",501 to 1000 employees,College / University,Colleges & Universities
Data Analyst,113,"Carson, CA",201 to 500 employees,Subsidiary or Business Segment,Consumer Products Manufacturing
Data Scientist,113,"North Brunswick, NJ",1 to 50 employees,Private,IT Services
VP,113,"New York, NY",51 to 200 employees,Private,Research & Development
Data Scientist,134,"Santa Clara, CA",501 to 1000 employees,Private,Enterprise Software & Network Solutions
Data Scientist,134,"Palo Alto, CA",51 to 200 employees,Private,Enterprise Software & Network Solutions
Senior Business Intelligence Analyst,134,"Maple Plain, MN",1001 to 5000 employees,Public,Miscellaneous Manufacturing
Data Scientist,134,"Lincoln, NE",1001 to 5000 employees,Private,Insurance Agencies & Brokerages
Data Engineer,134,"San Jose, CA",10000+ employees,Public,Computer Hardware & Software
Data Scientist,134,"Benicia, CA",1 to 50 employees,Private,N/A
Data Scientist,134,"New York, NY",1 to 50 employees,Private,Staffing & Outsourcing
Data Scientist,134,"Annapolis Junction, MD",201 to 500 employees,Subsidiary or Business Segment,Computer Hardware & Software
Data Scientist,134,N/A,N/A,N/A,N/A
Decision Scientist,134,"Laurel, MD",5001 to 10000 employees,Nonprofit Organization,Aerospace & Defense
Data Scientist,134,"Cambridge, MA",1 to 50 employees,Private,Enterprise Software & Network Solutions
Data Science,134,"Columbia, MD",51 to 200 employees,Private,Consulting
Data Scientist ,134,"Woodbine, MD",1 to 50 employees,Private,IT Services
Data Analyst,134,"Vienna, VA",51 to 200 employees,Public,Consulting
Data Scientist,134,N/A,N/A,N/A,N/A
Data Scientist,134,N/A,N/A,N/A,N/A
Data Scientist,134,N/A,N/A,N/A,N/A
Data Scientist,134,N/A,N/A,N/A,N/A
Data Scientist,134,N/A,N/A,N/A,N/A
Data Scientist,134,N/A,N/A,N/A,N/A
Senior Data Scientist,134,"Westminster, CO",5001 to 10000 employees,Public,Aerospace & Defense
Data Scientist,114,"Cambridge, MA",201 to 500 employees,Private,Enterprise Software & Network Solutions
Data Scientist,114,"OSAKA, Japan",10000+ employees,Public,Biotech & Pharmaceuticals
Data Scientist,114,"Westminster, CO",5001 to 10000 employees,Public,Aerospace & Defense
Data Engineer ,114,"San Antonio, TX",1001 to 5000 employees,Nonprofit Organization,Research & Development
Data Scientist,114,"Danville, CA",51 to 200 employees,Private,Consulting
Data Science Software Engineer,114,"Boston, MA",201 to 500 employees,Private,Computer Hardware & Software
AI Data Scientist,114,"Cambridge, United Kingdom",10000+ employees,Public,Biotech & Pharmaceuticals
Data Scientist,114,"Wilmington, MA",51 to 200 employees,Private,N/A
Data Scientist,114,"Chantilly, VA",10000+ employees,Public,Aerospace & Defense
Data Scientist,114,"New York, 061",1 to 50 employees,Private,Staffing & Outsourcing
Scientist ,114,"Seattle, WA",201 to 500 employees,Nonprofit Organization,Research & Development
Data Scientist,114,"Reading, MA",1001 to 5000 employees,Private,Staffing & Outsourcing
Data Scientist,114,"Pleasanton, CA",1 to 50 employees,Private,Staffing & Outsourcing
Senior Data Scientist,114,"Denver, CO",201 to 500 employees,Private,Travel Agencies
Data Scientist,114,"Folsom, CA",1001 to 5000 employees,Private,IT Services
Data Scientist,114,"Raleigh, NC",5001 to 10000 employees,Subsidiary or Business Segment,Energy
Analytics Manager,114,"Scotts Valley, CA",501 to 1000 employees,Nonprofit Organization,Health Care Services & Hospitals
Data Modeler,114,"Springfield, MA",5001 to 10000 employees,Private,Insurance Carriers
Applied AI Scientist,114,"Austin, TX",1 to 50 employees,Contract,Computer Hardware & Software
Data Engineer ,114,"Hartford, CT",10000+ employees,Public,Insurance Carriers
Senior Data Analyst ,114,"San Francisco, CA",1001 to 5000 employees,Subsidiary or Business Segment,Internet
Senior Data Scientist,136,"Boston, MA",201 to 500 employees,Private,Computer Hardware & Software
Market Research Data Scientist,136,"Denver, CO",51 to 200 employees,Private,Advertising & Marketing
IT Partner Digital Health Technology and Data Science,136,"Cambridge, MA",5001 to 10000 employees,Public,Biotech & Pharmaceuticals
Data Scientist,136,N/A,N/A,N/A,N/A
Data Scientist,136,N/A,N/A,N/A,N/A
Senior Machine Learning Scientist ,136,"Chicago, IL",501 to 1000 employees,Private,Biotech & Pharmaceuticals
Software Engineer,136,"Wilsonville, OR",5001 to 10000 employees,Public,Computer Hardware & Software
Senior Clinical Data Scientist Programmer,136,"Princeton, NJ",1001 to 5000 employees,Private,Biotech & Pharmaceuticals
Data Engineer,136,"Falls Church, VA",51 to 200 employees,Private,Federal Agencies
Computer Vision Deep Learning ,136,"Chicago, IL",501 to 1000 employees,Private,Biotech & Pharmaceuticals
Data Solutions Engineer ,136,"Boston, MA",10000+ employees,Private,Insurance Carriers
Data Scientist,136,"Folsom, CA",501 to 1000 employees,Private,IT Services
Data Scientist ,136,"Westminster, CO",5001 to 10000 employees,Public,Aerospace & Defense
Weapons and Sensors EngineerScientist,136,"Huntsville, AL",1001 to 5000 employees,Private,Aerospace & Defense
Applied Computer Scientist,136,"Woburn, MA",201 to 500 employees,Private,Aerospace & Defense
Senior Data Analyst,136,"Mc Lean, VA",501 to 1000 employees,Private,Enterprise Software & Network Solutions
Cloud Data Engineer Azure,136,"Vienna, VA",10000+ employees,Other Organization,Banks & Credit Unions
Lead Certified Clinical Laboratory Scientist ,136,"Madison, WI",1001 to 5000 employees,Public,Health Care Services & Hospitals
Senior Data Analyst,136,"Phila, PA",201 to 500 employees,Private,Health Care Services & Hospitals
Senior Scientist ,136,"Winston-Salem, NC",5001 to 10000 employees,Private,Consumer Products Manufacturing
Senior Machine Learning Engineer,136,"Indianapolis, IN",51 to 200 employees,Private,Enterprise Software & Network Solutions
Product Data Scientist ,161,"San Francisco, CA",1001 to 5000 employees,Public,Internet
Data Scientist,161,"San Francisco, CA",1001 to 5000 employees,Private,Express Delivery Services
Data Scientist,161,"Columbia, MD",51 to 200 employees,Private,Enterprise Software & Network Solutions
Data Scientist,161,"Half Moon Bay, CA",N/A,N/A,N/A
Data Scientist,161,"Boston, MA",201 to 500 employees,Private,Biotech & Pharmaceuticals
Data Scientist,161,"Los Angeles, CA",1 to 50 employees,Private,IT Services
Data Scientist,161,"London, United Kingdom",1 to 50 employees,Private,Enterprise Software & Network Solutions
Data Scientist,161,"Hilliard, OH",1 to 50 employees,Private,Advertising & Marketing
Data Scientist,161,"Hanover, MD",1 to 50 employees,Private,Consulting
Data Scientist,161,"Arlington, VA",51 to 200 employees,Private,Aerospace & Defense
Data Scientist,161,"Irvine, CA",201 to 500 employees,Subsidiary or Business Segment,Staffing & Outsourcing
Data Scientist,161,"Mc Lean, VA",10000+ employees,Public,Consulting
Data Scientist,161,"Kansas City, MO",5001 to 10000 employees,Private,Architectural & Engineering Services
Data Scientist,161,"Bengaluru, India",201 to 500 employees,Private,IT Services
Data Scientist,161,"Menlo Park, CA",10000+ employees,Public,Staffing & Outsourcing
Analytics Manager,161,"Cedar Rapids, IA",501 to 1000 employees,Private,Lending
Data Scientist,161,"Alpharetta, GA",1 to 50 employees,Private,Accounting
Data Scientist,161,"Paris, France",1001 to 5000 employees,Public,Internet
Data Scientist,161,N/A,N/A,Private,N/A
Data Scientist,161,"Princeton, NJ",1 to 50 employees,Private,Consulting
Data Scientist,161,"McLean, VA",51 to 200 employees,Private,Consulting
Data Scientist,106,"New York, NY",501 to 1000 employees,Private,Internet
Senior Data Scientist,106,"Saint Louis, MO",201 to 500 employees,Private,Biotech & Pharmaceuticals
Data Scientist,106,"Memphis, TN",51 to 200 employees,Private,Consulting
Data Scientist,106,"Washington, DC",N/A,Public,N/A
Data Scientist,106,"Cincinnati, OH",1 to 50 employees,Private,N/A
Data Engineer,106,"San Francisco, CA",51 to 200 employees,Private,Computer Hardware & Software
Data Scientist,106,"Germantown, MD",51 to 200 employees,Private,IT Services
Data Scientist,106,"Omaha, NE",10000+ employees,Public,Logistics & Supply Chain
Data Scientist,106,"Reston, VA",1 to 50 employees,Private,N/A
Data Scientist ,106,"Clifton Park, NY",1 to 50 employees,Private,Staffing & Outsourcing
Data Scientist,106,"Leesburg, VA",51 to 200 employees,Private,IT Services
Data Scientist,106,"Livonia, MI",1 to 50 employees,Private,N/A
Data Scientist,106,"San Carlos, CA",201 to 500 employees,Private,Farm Support Services
Data Scientist,106,"Boston, MA",1 to 50 employees,Private Firm,Health Care Services & Hospitals
Data Scientist,106,"Ashburn, VA",1 to 50 employees,Public,N/A
Data Scientist,106,"Nashville, TN",10000+ employees,Public,IT Services
Data Scientist,106,"Alexandria, VA",1001 to 5000 employees,Private,Research & Development
Data Scientist,106,"Los Angeles, CA",N/A,Private,Telecommunications Services
Machine Learning EngineerScientist,106,"New York, NY",501 to 1000 employees,Private,Investment Banking & Asset Management
Data Scientist ,92,"Saint Louis, MO",201 to 500 employees,Private,Staffing & Outsourcing
Principal Data Scientist,92,"San Rafael, CA",5001 to 10000 employees,Public,Computer Hardware & Software
Data Scientist,92,"Edison, NJ",10000+ employees,Nonprofit Organization,Health Care Services & Hospitals
Senior Data Scientist,92,"Basel, Switzerland",10000+ employees,Public,Biotech & Pharmaceuticals
Data Scientist,92,"Somerset, NJ",1001 to 5000 employees,Private,Staffing & Outsourcing
Data Scientist,92,"Ventura, CA",1001 to 5000 employees,Public,Internet
Data Scientist,92,"Armonk, NY",10000+ employees,Public,IT Services
Data Scientist,92,"Fairfax, VA",51 to 200 employees,Private,Consulting
Data Scientist,92,"San Jose, CA",1 to 50 employees,Private,IT Services
Data Scientist,92,"Kent, OH",10000+ employees,Self-Employed,Timber Operations
Data Scientist,92,"Trumbull, CT",501 to 1000 employees,Private,Insurance Carriers
Data Scientist,92,"Westlake Village, CA",1 to 50 employees,Private,N/A
Machine Learning Engineer,92,"Pittsburgh, PA",501 to 1000 employees,College / University,Colleges & Universities
Data Scientist,92,N/A,N/A,N/A,N/A
Data Scientist,92,"New York, NY",1001 to 5000 employees,Public,Advertising & Marketing
Data Scientist,92,"Minneapolis, MN",501 to 1000 employees,Private,Consulting
Data Scientist,92,"Chadds Ford, PA",1 to 50 employees,Private,Staffing & Outsourcing
Data Analyst,92,"Carson, CA",201 to 500 employees,Subsidiary or Business Segment,Consumer Products Manufacturing
Data Scientist,92,"Edison, NJ",51 to 200 employees,Private,IT Services
Data Scientist,92,"North Brunswick, NJ",1 to 50 employees,Private,IT Services
Data Scientist,92,"Chicago, IL",51 to 200 employees,Private,Staffing & Outsourcing
Machine Learning Scientist,43,"Chicago, IL",501 to 1000 employees,Private,Biotech & Pharmaceuticals
Data Scientist,43,"San Ramon, CA",1001 to 5000 employees,Private,Enterprise Software & Network Solutions
VP,43,"New York, NY",51 to 200 employees,Private,Research & Development
Senior Business Intelligence Analyst,43,"Maple Plain, MN",1001 to 5000 employees,Public,Miscellaneous Manufacturing
Data Scientist,43,"Los Angeles, CA",501 to 1000 employees,Private,Aerospace & Defense
Data Engineer,43,"San Jose, CA",10000+ employees,Public,Computer Hardware & Software
Data Scientist,43,"Stamford, CT",1 to 50 employees,Private,Investment Banking & Asset Management
Data Scientist,43,"Lincoln, NE",1001 to 5000 employees,Private,Insurance Agencies & Brokerages
Data Scientist,43,"Atlanta, GA",5001 to 10000 employees,Public,Financial Transaction Processing
Data Scientist,43,"New York, NY",1 to 50 employees,Private,N/A
Data Scientist,43,"Arlington, VA",51 to 200 employees,Nonprofit Organization,Social Assistance
Data Scientist,43,"Santa Clara, CA",201 to 500 employees,Private,N/A
Data Analyst,43,"Kent, WA",201 to 500 employees,Public,Oil & Gas Services
Data Scientist,43,"Annapolis Junction, MD",201 to 500 employees,Subsidiary or Business Segment,Computer Hardware & Software
Data Scientist,43,"Saint Paul, MN",1001 to 5000 employees,Private,Construction
Data Scientist,43,"Glen Allen, VA",1001 to 5000 employees,Subsidiary or Business Segment,Staffing & Outsourcing
Data Scientist,43,"Reston, VA",201 to 500 employees,Private,IT Services
Decision Scientist,43,"Laurel, MD",5001 to 10000 employees,Nonprofit Organization,Aerospace & Defense
Data Scientist,43,"Cambridge, MA",1 to 50 employees,Private,Enterprise Software & Network Solutions
Data Scientist ,43,"Woodbine, MD",1 to 50 employees,Private,IT Services
Data Scientist,107,"Chicago, IL",501 to 1000 employees,Private,Biotech & Pharmaceuticals
Data Scientist,107,"Chevy Chase, MD",1001 to 5000 employees,Private,Internet
Data Scientist,107,"Aliso Viejo, CA",1 to 50 employees,Private,Health Care Services & Hospitals
Data Scientist,107,"Plainsboro, NJ",1 to 50 employees,Private,Accounting
Data Analyst,107,"Vienna, VA",51 to 200 employees,Public,Consulting
Data Scientist,107,"Denver, CO",201 to 500 employees,Subsidiary or Business Segment,Staffing & Outsourcing
Data Scientist,107,"San Francisco, CA",10000+ employees,Public,"Department, Clothing, & Shoe Stores"
Data Scientist,107,"Fairmont, WV",1 to 50 employees,Private,N/A
Data Scientist,107,N/A,N/A,N/A,N/A
Data Scientist,107,N/A,N/A,N/A,N/A
Data Scientist,107,N/A,N/A,N/A,N/A
Data Scientist,107,N/A,N/A,N/A,N/A
Data Scientist,107,N/A,N/A,N/A,N/A
Data Scientist,107,N/A,N/A,N/A,N/A
Data Scientist,107,"Houston, TX",1 to 50 employees,Private,Staffing & Outsourcing
Data Scientist,107,"Jersey City, NJ",51 to 200 employees,Private,Computer Hardware & Software
Data Scientist,107,"Cherry Hill, NJ",1 to 50 employees,Private,Staffing & Outsourcing
Data Scientist,107,N/A,1 to 50 employees,N/A,N/A
Data Scientist,107,"Itasca, IL",51 to 200 employees,Private,Staffing & Outsourcing
Data Scientist,107,"San Francisco, CA",51 to 200 employees,Private,Consulting
Data Scientist ,107,"Woodbine, MD",1 to 50 employees,Private,IT Services
Senior Data Scientist,271,"Basel, Switzerland",10000+ employees,Public,Biotech & Pharmaceuticals
Real World Science,271,"Cambridge, United Kingdom",10000+ employees,Public,Biotech & Pharmaceuticals
Data Scientist,271,"Los Angeles, CA",201 to 500 employees,Public,Staffing & Outsourcing
Data Scientist  Machine,271,"Coconut Creek, FL",1 to 50 employees,Private,Staffing & Outsourcing
Senior Data Scientist,271,"Westminster, CO",5001 to 10000 employees,Public,Aerospace & Defense
Data Scientist,271,"Lombard, IL",N/A,Private,Publishing
Data Scientist,271,"Westminster, CO",5001 to 10000 employees,Public,Aerospace & Defense
Data Scientist,271,"Honolulu, HI",501 to 1000 employees,Government,N/A
Data Engineer ,271,"San Antonio, TX",1001 to 5000 employees,Nonprofit Organization,Research & Development
Data Scientist,271,"Chantilly, VA",51 to 200 employees,Public,Aerospace & Defense
Data Science Software Engineer,271,"Boston, MA",201 to 500 employees,Private,Computer Hardware & Software
Scientist  Group Lead,271,N/A,N/A,N/A,N/A
Data Scientist,271,"Columbus, OH",51 to 200 employees,Private,"Health, Beauty, & Fitness"
Data Scientist,271,"Arlington, VA",51 to 200 employees,Public,IT Services
Manager,271,"Pleasanton, CA",501 to 1000 employees,Public,Biotech & Pharmaceuticals
Computer Scientist Research ,271,"San Antonio, TX",1001 to 5000 employees,Nonprofit Organization,Research & Development
Data Scientist,271,"New York, NY",N/A,Private,N/A
Data Scientist,271,"New York, 061",1 to 50 employees,Private,Staffing & Outsourcing
Scientist ,271,"Seattle, WA",201 to 500 employees,Nonprofit Organization,Research & Development
Data Scientist,271,"Carle Place, NY",1001 to 5000 employees,Public,Wholesale
Data Scientist,271,"Alexandria, VA",51 to 200 employees,Private,Consulting
Data Scientist ,89,"Chicago, IL",1 to 50 employees,Private,Staffing & Outsourcing
Data Scientist,89,"Rockville, MD",51 to 200 employees,Private,IT Services
Data Scientist,89,"Germantown, MD",1 to 50 employees,Private,N/A
Data Scientist,89,"Pleasanton, CA",1 to 50 employees,Private,Staffing & Outsourcing
Senior Data Engineer,89,"San Francisco, CA",501 to 1000 employees,Private,Internet
Data Scientist,89,"Orlando, FL",51 to 200 employees,Private,IT Services
Machine Learning Scientist  Engineer,89,"Cupertino, CA",10000+ employees,Public,Computer Hardware & Software
Data Scientist,89,"Tampa, FL",10000+ employees,Public,Staffing & Outsourcing
Senior Data Scientist,89,"Denver, CO",201 to 500 employees,Private,Travel Agencies
Intelligence Data Analyst,89,"Reston, VA",501 to 1000 employees,Private,IT Services
Data Analyst,89,"Chicago, IL",201 to 500 employees,Private,Lending
Data Scientist,89,"Folsom, CA",1001 to 5000 employees,Private,IT Services
Data Scientist,89,"Raleigh, NC",5001 to 10000 employees,Subsidiary or Business Segment,Energy
Computer Scientist Research,89,"San Antonio, TX",1001 to 5000 employees,Nonprofit Organization,Research & Development
Data Scientist,89,"Reston, VA",501 to 1000 employees,Private,IT Services
Data Modeler,89,"Springfield, MA",5001 to 10000 employees,Private,Insurance Carriers
Data Scientist,89,"Reston, VA",501 to 1000 employees,Contract,IT Services
Data Scientist,89,"Totowa, NJ",51 to 200 employees,Private,IT Services
Data Scientist,89,"Cedar Rapids, IA",201 to 500 employees,Private,Enterprise Software & Network Solutions
Data Engineer,89,"Hartford, CT",10000+ employees,Public,Insurance Carriers
Data Scientist ,164,"Emeryville, CA",201 to 500 employees,Public,Biotech & Pharmaceuticals
Data Scientist,164,"Austin, TX",51 to 200 employees,Private,Computer Hardware & Software
Senior Data Scientist,164,"San Francisco, CA",501 to 1000 employees,Private,Internet
Senior Data Analyst ,164,"San Francisco, CA",1001 to 5000 employees,Subsidiary or Business Segment,Internet
Software Engineer ,164,"San Francisco, CA",1001 to 5000 employees,Public,Computer Hardware & Software
IT Partner Digital Health Technology and Data Science,164,"Cambridge, MA",5001 to 10000 employees,Public,Biotech & Pharmaceuticals
Data Scientist,164,N/A,N/A,N/A,N/A
Senior Machine Learning Scientist ,164,"Chicago, IL",501 to 1000 employees,Private,Biotech & Pharmaceuticals
Data Scientist,164,"San Diego, CA",501 to 1000 employees,Private,Insurance Carriers
Clinical Data Analyst,164,"Rome, NY",51 to 200 employees,Nonprofit Organization,Consulting
Data Scientist,164,"McLean, VA",501 to 1000 employees,Private,Consulting
Data Engineer,164,"Falls Church, VA",51 to 200 employees,Private,Federal Agencies
Data Scientist Technical Specialist,164,"Herndon, VA",1001 to 5000 employees,Private,Aerospace & Defense
Senior Data Scientist,164,"Milan, IL",1001 to 5000 employees,Private,Staffing & Outsourcing
Data Science Manager,164,"San Rafael, CA",5001 to 10000 employees,Public,Computer Hardware & Software
Computer Vision Deep Learning,164,"Chicago, IL",501 to 1000 employees,Private,Biotech & Pharmaceuticals
Big Data Engineer,164,"Raleigh, NC",1001 to 5000 employees,Private,Industrial Manufacturing
Data Architect,164,"Orlando, FL",51 to 200 employees,Private,Investment Banking & Asset Management
Machine Learning Engineer,164,"New York, NY",1 to 50 employees,Private,IT Services
Data Scientist,164,"Marbella, Spain",N/A,Public,N/A
Aviation Data Scientist,164,"Bedford, MA",5001 to 10000 employees,Nonprofit Organization,Federal Agencies
Data Scientist,148,"Mc Lean, VA",10000+ employees,Private,Food & Beverage Manufacturing
Data Scientist  Applied Mathematician,148,"Santa Cruz, CA",51 to 200 employees,Private,Computer Hardware & Software
Machine Learning Engineer,148,"Simi Valley, CA",501 to 1000 employees,Public,Aerospace & Defense
Data Scientist ,148,"Westminster, CO",5001 to 10000 employees,Public,Aerospace & Defense
Weapons and Sensors EngineerScientist,148,"Huntsville, AL",1001 to 5000 employees,Private,Aerospace & Defense
Applied Computer Scientist,148,"Woburn, MA",201 to 500 employees,Private,Aerospace & Defense
Senior Data Analyst,148,"Mc Lean, VA",501 to 1000 employees,Private,Enterprise Software & Network Solutions
Information Systems Engineering Specialist,148,"Austin, TX",501 to 1000 employees,College / University,Colleges & Universities
Cloud Data Engineer Azure,148,"Vienna, VA",10000+ employees,Other Organization,Banks & Credit Unions
ScientistResearch Associate,148,"Bedford, MA",51 to 200 employees,Private,Biotech & Pharmaceuticals
Vice President,148,"South San Francisco, CA",51 to 200 employees,Public,Biotech & Pharmaceuticals
Data Analyst,148,"Vienna, VA",10000+ employees,Other Organization,Banks & Credit Unions
Senior Scientist ,148,"Winston-Salem, NC",5001 to 10000 employees,Private,Consumer Products Manufacturing
Lead Data Scientist,148,"Bedford, MA",5001 to 10000 employees,Nonprofit Organization,Federal Agencies
Senior Machine Learning Engineer,148,"Indianapolis, IN",51 to 200 employees,Private,Enterprise Software & Network Solutions
Data Scientist,148,"Bedford, MA",51 to 200 employees,Public,N/A
Data Engineer,148,"Chicago, IL",51 to 200 employees,Private,Advertising & Marketing
Developer III ,148,"Rancho Cucamonga, CA",1001 to 5000 employees,Public,Health Care Services & Hospitals
Senior Data Engineer,148,"New York, NY",51 to 200 employees,Private,Advertising & Marketing
Materials Scientist,148,"Albuquerque, NM",10000+ employees,Government,Federal Agencies
Data Engineer,148,"Westminster, CO",5001 to 10000 employees,Public,Aerospace & Defense
Patient Safety,106,"Cambridge, United Kingdom",10000+ employees,Public,Biotech & Pharmaceuticals
Senior Data Scientist,106,"San Rafael, CA",5001 to 10000 employees,Public,Computer Hardware & Software
Data Scientist,106,"Saint Paul, MN",1001 to 5000 employees,Private,Construction
Data Scientist,106,"Brentford, United Kingdom",10000+ employees,Public,Biotech & Pharmaceuticals
Data Scientist,106,"Langley, VA",N/A,Government,Federal Agencies
Data Scientist,106,"Chicago, IL",201 to 500 employees,Private,Consulting
Data Scientist,106,"Minneapolis, MN",51 to 200 employees,Private,Advertising & Marketing
Data Scientist,106,"New York, NY",1 to 50 employees,Private,N/A
Data Scientist,106,"Nashville, TN",10000+ employees,Private,Health Care Services & Hospitals
Data Scientist,106,"Reston, VA",201 to 500 employees,Private,IT Services
Data Scientist,106,"Los Angeles, CA",51 to 200 employees,Private,Internet
Decision Scientist,106,"Laurel, MD",5001 to 10000 employees,Nonprofit Organization,Aerospace & Defense
Data Scientist ,106,"Woodbine, MD",1 to 50 employees,Private,IT Services
Data Scientist,106,"Aliso Viejo, CA",1 to 50 employees,Private,Health Care Services & Hospitals
Data Scientist,106,"Plainsboro, NJ",1 to 50 employees,Private,Accounting
Data Scientist,106,"Reston, VA",51 to 200 employees,Subsidiary or Business Segment,Enterprise Software & Network Solutions
Data Scientist,106,"Aliso Viejo, CA",10000+ employees,Private,IT Services
Data Scientist,106,"Plano, TX",1 to 50 employees,Private,Consulting
Data Scientist,106,"Fairfax, VA",51 to 200 employees,Private,Aerospace & Defense
Data Scientist,106,"Fairmont, WV",1 to 50 employees,Private,N/A
Senior Data Scientist,114,"South Jordan, UT",201 to 500 employees,Private,Banks & Credit Unions
Senior Data Scientist,114,"Herndon, VA",5001 to 10000 employees,Public,Research & Development
Data Scientist,114,N/A,N/A,N/A,N/A
Data Scientist,114,"Bethesda, MD",10000+ employees,Private,Insurance Carriers
Data Scientist,114,"McLean, VA",N/A,Private,N/A
Data Scientist,114,"Albertville, AL",1001 to 5000 employees,Subsidiary or Business Segment,Rail
Data Scientist,114,"Aliso Viejo, CA",10000+ employees,Private,IT Services
Data Scientist,114,"Fairfax, VA",51 to 200 employees,Private,Aerospace & Defense
Data Scientist,114,"Bellevue, WA",51 to 200 employees,Private,Consulting
Data Scientist,114,"San Diego, CA",5001 to 10000 employees,Public,Aerospace & Defense
Data Scientist,114,"Westlake Village, CA",1 to 50 employees,Private,N/A
Data Engineer,114,"Orange, CA",501 to 1000 employees,Private,Health Care Services & Hospitals
Data Scientist,114,"New York, NY",1 to 50 employees,Private,Consulting
Data Scientist,114,"Littleton, CO",51 to 200 employees,Private,Computer Hardware & Software
Data Scientist,114,"Alexandria, VA",51 to 200 employees,Private,Enterprise Software & Network Solutions
Data Scientist,114,"Reston, VA",1001 to 5000 employees,Nonprofit Organization,Consulting
Data Scientist,114,"Houston, TX",1 to 50 employees,Private,Staffing & Outsourcing
Data Scientist,114,"Oakville, Canada",1001 to 5000 employees,Private,Computer Hardware & Software
Data Scientist,114,"Itasca, IL",51 to 200 employees,Private,Staffing & Outsourcing
Data Scientist,114,"Vienna, VA",201 to 500 employees,Private,IT Services
Data Scientist,123,"Mc Lean, VA",10000+ employees,Private,Food & Beverage Manufacturing
Data Scientist,123,"Holmdel, NJ",1 to 50 employees,Private,Enterprise Software & Network Solutions
Data Scientist,123,"Fremont, CA",51 to 200 employees,Private,Consulting
Data Scientist,123,"Naperville, IL",5001 to 10000 employees,Private,Wholesale
Data Scientist,123,"San Francisco, CA",51 to 200 employees,Private,Consulting
Data Scientist ,123,"Woodbine, MD",1 to 50 employees,Private,IT Services
Data Scientist,123,N/A,1 to 50 employees,N/A,N/A
Senior Data Scientist,123,"Westminster, CO",5001 to 10000 employees,Public,Aerospace & Defense
Data Scientist,123,"San Bruno, CA",51 to 200 employees,Private,Enterprise Software & Network Solutions
Data Scientist  Machine,123,"Coconut Creek, FL",1 to 50 employees,Private,Staffing & Outsourcing
Data Scientist,123,"Naperville, IL",51 to 200 employees,Private,IT Services
Data Engineer,123,"Kansas City, MO",201 to 500 employees,Private,Insurance Carriers
Data Scientist,123,"Houston, TX",1001 to 5000 employees,Private,Insurance Carriers
Data Scientist,123,"Arlington, VA",10000+ employees,Public,Aerospace & Defense
Machine Learning Scientist,123,"Cupertino, CA",10000+ employees,Public,Computer Hardware & Software
Data Scientist,123,"Westminster, CO",5001 to 10000 employees,Public,Aerospace & Defense
Data Engineer ,123,"San Antonio, TX",1001 to 5000 employees,Nonprofit Organization,Research & Development
Data Scientist,123,"Danville, CA",51 to 200 employees,Private,Consulting
Data Science Software Engineer,123,"Boston, MA",201 to 500 employees,Private,Computer Hardware & Software
Scientist  Group Lead,123,N/A,N/A,N/A,N/A
AI Data Scientist,123,"Cambridge, United Kingdom",10000+ employees,Public,Biotech & Pharmaceuticals
Senior Data Scientist,136,"Denver, CO",51 to 200 employees,Private,Advertising & Marketing
Senior Data Scientist ,136,"Sunnyvale, CA",5001 to 10000 employees,Public,Telecommunications Services
Data Scientist,136,"Chantilly, VA",51 to 200 employees,Public,Aerospace & Defense
Data Scientist,136,"Columbus, OH",51 to 200 employees,Private,"Health, Beauty, & Fitness"
Data Scientist,136,N/A,N/A,N/A,N/A
Data Scientist,136,N/A,N/A,N/A,N/A
Data Scientist,136,"Arlington, VA",51 to 200 employees,Public,IT Services
Data Scientist,136,"Chantilly, VA",10000+ employees,Public,Aerospace & Defense
Data Scientist,136,N/A,N/A,N/A,N/A
Data Scientist,136,"West Chester, PA",10000+ employees,Public,Other Retail Stores
Data Scientist,136,"Wilmington, MA",51 to 200 employees,Private,N/A
Data Scientist,136,"Utica, MI",501 to 1000 employees,Private,Staffing & Outsourcing
Data Scientist,136,"Baltimore, MD",1 to 50 employees,Private,N/A
Data Scientist,136,"Vienna, VA",201 to 500 employees,Private,IT Services
Data Scientist,136,"Cambridge, MA",1001 to 5000 employees,Public,Biotech & Pharmaceuticals
Data Scientist,136,"Fort Lee, NJ",1001 to 5000 employees,Private,Advertising & Marketing
Data Scientist,136,N/A,N/A,N/A,N/A
Data Scientist,136,N/A,N/A,N/A,N/A
Data Scientist,136,"Santa Clara, CA",1 to 50 employees,Private,Advertising & Marketing
Data Scientist,136,"Carle Place, NY",1001 to 5000 employees,Public,Wholesale
